OBJECTID;GAFIDENT;OSMOMSCH;DGVIDENT;JAARCREA;OPPERVL;OMTREK;DGVTYPE;OPP_EZ_M2;OPP_OW_M2;OPP_TOT_M2;IWS_MEMO;SHAPE_AREA;SHAPE_LEN
3315;2630-EAG-3;Westveen;2630-DGV-4;0;168779;0;1013;31879;136900;168779;;0.00000000000;0.00000000000
3316;2120-EAG-1;Vaarten Westeramstel;2120-DGV-8;0;94452;0;1013;6891;87561;94452;;0.00000000000;0.00000000000
3318;3300-EAG-14;Ster en Zodden;3300-DGV-38;0;32463;0;1013;2371;30092;32463;;0.00000000000;0.00000000000
3314;3360-EAG-18;;3360-DGV-28;0;66453;0;1013;9766;56687;66453;;0.00000000000;0.00000000000
3317;3300-EAG-13;Ster en Zodden;3300-DGV-39;0;95590;0;1013;17144;78446;95590;;0.00000000000;0.00000000000
3319;3300-EAG-15;Ster en Zodden;3300-DGV-37;0;240213;0;1013;49647;190566;240213;;0.00000000000;0.00000000000
3320;3360-EAG-19;Molenpolder Tienhoven;3360-DGV-26;0;66045;0;1013;8144;57901;66045;;0.00000000000;0.00000000000
3321;3302-EAG-1;Molenpolder Tienhoven;3302-DGV-11;0;42718;0;1013;6566;30925;37491;;0.00000000000;0.00000000000
3323;3300-EAG-9;Ster en Zodden;3300-DGV-40;0;309120;0;1013;36178;272942;309120;;0.00000000000;0.00000000000
3322;3302-EAG-2;Molenpolder Tienhoven;3302-DGV-10;0;113459;0;1013;9801;103658;113459;;0.00000000000;0.00000000000
3327;3230-EAG-5;Kortenhoefse Plas;3230-DGV-15;0;23873;0;1012;7211;16662;23873;;0.00000000000;0.00000000000
3325;3230-EAG-1;Kortenhoefse Plas;3230-DGV-3;0;40668;0;1012;12696;27972;40668;;0.00000000000;0.00000000000
3326;3230-EAG-3;Kortenhoefse Plas;3230-DGV-11;0;107820;0;1012;19308;88512;107820;;0.00000000000;0.00000000000
3324;3201-EAG-2;Stichtsch Ankeveensche Plas;3201-DGV-6;0;24192;0;1012;6029;18163;24192;;0.00000000000;0.00000000000
3330;4210-EAG-2;Hollandsch Ankeveensche Plas;4210-DGV-3;0;35891;0;1011;8627;27264;35891;;0.00000000000;0.00000000000
3329;4210-EAG-5;Hollandsch Ankeveensche Plas;4210-DGV-9;0;3324;0;1011;2161;1163;3324;;0.00000000000;0.00000000000
3328;4210-EAG-3;Hollandsch Ankeveensche Plas;4210-DGV-6;0;34179;0;1011;19719;14460;34179;;0.00000000000;0.00000000000
3332;2140-EAG-3;;2140-DGV-5;0;9944;0;1011;6575;3369;9944;;0.00000000000;0.00000000000
3336;3230-EAG-1;Kortenhoefse Plas;3230-DGV-2;0;192923;0;1011;103578;89345;192923;;0.00000000000;0.00000000000
3334;3360-EAG-16;Molenpolder;3360-DGV-12;0;64949;0;1011;26390;38559;64949;;0.00000000000;0.00000000000
3340;3320-EAG-2;Terra Nova;3320-DGV-7;0;11912;0;1011;9661;2251;11912;;0.00000000000;0.00000000000
3338;3230-EAG-5;Kortenhoefse Plas;3230-DGV-14;0;47122;0;1011;29440;17682;47122;;0.00000000000;0.00000000000
3337;3230-EAG-3;Kortenhoefse Plas;3230-DGV-10;0;165093;0;1011;93409;71684;165093;;0.00000000000;0.00000000000
3335;3360-EAG-17;Molenpolder Tienhoven;3360-DGV-14;0;161093;0;1011;120683;40410;161093;;0.00000000000;0.00000000000
3339;3320-EAG-1;Terra Nova;3320-DGV-4;0;9651;0;1011;7600;2051;9651;;0.00000000000;0.00000000000
3333;3360-EAG-14;Molenpolder;3360-DGV-9;0;17463;0;1011;14076;3387;17463;;0.00000000000;0.00000000000
3409;3230-EAG-3;Kortenhoefse Plas;3230-DGV-9;0;41782;0;1009;41782;0;41782;;0.00000000000;0.00000000000
3382;3360-EAG-17;Molenpolder Tienhoven;3360-DGV-15;0;62129;0;1009;62129;0;62129;;0.00000000000;0.00000000000
3347;3201-EAG-2;Stichtsch Ankeveensche Plas;3201-DGV-5;0;6851;0;1011;5854;997;6851;;0.00000000000;0.00000000000
3345;3100-EAG-5;Naardermeer;3100-DGV-14;0;27793;0;1011;13091;14702;27793;;0.00000000000;0.00000000000
3344;3100-EAG-4;Naardermeer;3100-DGV-11;0;42524;0;1011;21706;20818;42524;;0.00000000000;0.00000000000
3342;3100-EAG-2;Naardermeer;3100-DGV-5;0;17250;0;1011;10471;6779;17250;;0.00000000000;0.00000000000
3346;3201-EAG-1;Stichtsch Ankeveensche Plas;3201-DGV-2;0;83595;0;1011;26398;57197;83595;;0.00000000000;0.00000000000
3343;3100-EAG-3;Naardermeer;3100-DGV-8;0;58369;0;1011;26155;32214;58369;;0.00000000000;0.00000000000
3341;3100-EAG-1;Naardermeer;3100-DGV-2;0;110548;0;1011;39514;71034;110548;;0.00000000000;0.00000000000
3348;2140-EAG-3;;2140-DGV-7;0;122685;0;1010;0;122685;122685;;0.00000000000;0.00000000000
3350;3300-EAG-8;Vuntus;3300-DGV-22;0;917342;0;1010;0;917342;917342;;0.00000000000;0.00000000000
3349;2600-EAG-9;Vaarten Zevenhoven;2600-DGV-12;0;783091;0;1010;0;783091;783091;;0.00000000000;0.00000000000
3352;3100-EAG-4;Naardermeer;3100-DGV-12;0;161947;0;1010;0;161947;161947;;0.00000000000;0.00000000000
3353;3100-EAG-3;Naardermeer;3100-DGV-9;0;464766;0;1010;0;464766;464766;;0.00000000000;0.00000000000
3354;3100-EAG-2;Naardermeer;3100-DGV-6;0;804945;0;1010;0;804945;804945;;0.00000000000;0.00000000000
3355;3100-EAG-1;Naardermeer;3100-DGV-3;0;176399;0;1010;0;176399;176399;;0.00000000000;0.00000000000
3351;3100-EAG-5;Naardermeer;3100-DGV-15;0;292457;0;1010;0;292457;292457;;0.00000000000;0.00000000000
3356;4210-EAG-3;Hollandsch Ankeveensche Plas;4210-DGV-7;0;669595;0;1010;0;669595;669595;;0.00000000000;0.00000000000
3357;4210-EAG-2;Hollandsch Ankeveensche Plas;4210-DGV-4;0;140042;0;1010;0;140042;140042;;0.00000000000;0.00000000000
3359;3201-EAG-2;Stichtsch Ankeveensche Plas;3201-DGV-7;0;222962;0;1010;0;222962;222962;;0.00000000000;0.00000000000
3360;3201-EAG-1;Stichtsch Ankeveensche Plas;3201-DGV-3;0;847798;0;1010;0;847798;847798;;0.00000000000;0.00000000000
3361;3230-EAG-1;Kortenhoefse Plas;3230-DGV-4;0;190415;0;1010;0;190415;190415;;0.00000000000;0.00000000000
3366;3360-EAG-14;Molenpolder;3360-DGV-10;0;96991;0;1010;0;96991;96991;;0.00000000000;0.00000000000
3364;3360-EAG-4;Wilgenplas;3360-DGV-18;0;282007;0;1010;0;282007;282007;;0.00000000000;0.00000000000
3363;3230-EAG-3;Kortenhoefse Plas;3230-DGV-12;0;814144;0;1010;0;814144;814144;;0.00000000000;0.00000000000
3362;3230-EAG-5;Kortenhoefse Plas;3230-DGV-16;0;169326;0;1010;0;169326;169326;;0.00000000000;0.00000000000
3365;3360-EAG-10;Molenpolder;3360-DGV-2;0;294684;0;1010;0;294684;294684;;0.00000000000;0.00000000000
3367;3360-EAG-16;Molenpolder;3360-DGV-13;0;373359;0;1010;0;373359;373359;;0.00000000000;0.00000000000
3371;3300-EAG-4;Kievitsbuurt;3300-DGV-13;0;789210;0;1010;0;789210;789210;;0.00000000000;0.00000000000
3368;3300-EAG-6;Tienhovense Plas;3300-DGV-18;0;185436;0;1010;0;185436;185436;;0.00000000000;0.00000000000
3369;3300-EAG-7;Tienhovense Plas;3300-DGV-20;0;209912;0;1010;0;209912;209912;;0.00000000000;0.00000000000
3374;3300-EAG-2;Loosdrechtse Plas;3300-DGV-26;0;233928;0;1010;0;233928;233928;;0.00000000000;0.00000000000
3376;3320-EAG-1;Terra Nova;3320-DGV-5;0;79130;0;1010;0;79130;79130;;0.00000000000;0.00000000000
3380;2550-EAG-1;Botshol;2550-DGV-2;0;701809;0;1010;0;701809;701809;;0.00000000000;0.00000000000
3381;3320-EAG-2;Terra Nova;3320-DGV-8;0;589151;0;1010;0;589151;589151;;0.00000000000;0.00000000000
3379;2550-EAG-2;Botshol;2550-DGV-4;0;77727;0;1010;0;77727;77727;;0.00000000000;0.00000000000
3391;2140-EAG-3;;2140-DGV-6;0;6521;0;1009;6521;0;6521;;0.00000000000;0.00000000000
3385;4210-EAG-3;Hollandsch Ankeveensche Plas;4210-DGV-5;0;19727;0;1009;19727;0;19727;;0.00000000000;0.00000000000
3389;2600-EAG-9;Vaarten Zevenhoven;2600-DGV-11;0;14719;0;1009;14719;0;14719;;0.00000000000;0.00000000000
3386;4210-EAG-5;Hollandsch Ankeveensche Plas;4210-DGV-8;0;12519;0;1009;12519;0;12519;;0.00000000000;0.00000000000
3388;3300-EAG-5;Stille Plas;3300-DGV-14;0;48378;0;1009;48378;0;48378;;0.00000000000;0.00000000000
3383;3360-EAG-4;Wilgenplas;3360-DGV-17;0;80492;0;1009;80492;0;80492;;0.00000000000;0.00000000000
3387;3360-EAG-13;Molenpolder;3360-DGV-22;0;111578;0;1010;0;111578;111578;;0.00000000000;0.00000000000
3390;;"Noorder IJ-plas; Zuidplas, buiten AGV-gebied";9999-DGV-2;0;1665;0;1009;1665;0;1665;;0.00000000000;0.00000000000
3384;4210-EAG-2;Hollandsch Ankeveensche Plas;4210-DGV-2;0;17597;0;1009;17597;0;17597;;0.00000000000;0.00000000000
3394;3320-EAG-1;Terra Nova;3320-DGV-1;0;8394;0;1009;8394;0;8394;;0.00000000000;0.00000000000
3392;3320-EAG-4;Loenderveense Plas;3320-DGV-9;0;13850;0;1009;13850;0;13850;;0.00000000000;0.00000000000
3393;3320-EAG-2;Terra Nova;3320-DGV-6;0;23978;0;1009;23978;0;23978;;0.00000000000;0.00000000000
3397;3360-EAG-10;Molenpolder;3360-DGV-1;0;30879;0;1009;30879;0;30879;;0.00000000000;0.00000000000
3396;3360-EAG-14;Molenpolder;3360-DGV-8;0;13107;0;1009;13107;0;13107;;0.00000000000;0.00000000000
3395;3360-EAG-13;Molenpolder;3360-DGV-7;0;19868;0;1009;19868;0;19868;;0.00000000000;0.00000000000
3398;3300-EAG-8;Vuntus;3300-DGV-21;0;41700;0;1009;41700;0;41700;;0.00000000000;0.00000000000
3400;3300-EAG-2;Loosdrechtse Plas;3300-DGV-9;0;4410;0;1009;4410;0;4410;;0.00000000000;0.00000000000
3403;3300-EAG-6;Tienhovense Plas;3300-DGV-17;0;25066;0;1009;25066;0;25066;;0.00000000000;0.00000000000
3399;3300-EAG-1;Loosdrechtse Plas;3300-DGV-1;0;140853;0;1009;140853;0;140853;;0.00000000000;0.00000000000
3404;3300-EAG-7;Tienhovense Plas;3300-DGV-19;0;36728;0;1009;36728;0;36728;;0.00000000000;0.00000000000
3401;3300-EAG-3;Kievitsbuurt;3300-DGV-10;0;130050;0;1009;130050;0;130050;;0.00000000000;0.00000000000
3411;3201-EAG-2;Stichtsch Ankeveensche Plas;3201-DGV-4;0;24284;0;1009;24284;0;24284;;0.00000000000;0.00000000000
3410;3230-EAG-5;Kortenhoefse Plas;3230-DGV-13;0;20019;0;1009;20019;0;20019;;0.00000000000;0.00000000000
3313;3320-EAG-3;;3320-DGV-12;0;59071;0;1013;6815;52256;59071;;0.00000000000;0.00000000000
3331;2600-EAG-9;Vaarten Zevenhoven;2600-DGV-10;0;12383;0;1011;9649;2734;12383;;0.00000000000;0.00000000000
3358;4210-EAG-5;Hollandsch Ankeveensche Plas;4210-DGV-10;0;82493;0;1010;0;82493;82493;;0.00000000000;0.00000000000
3402;3300-EAG-4;Kievitsbuurt;3300-DGV-12;0;87149;0;1009;87149;0;87149;;0.00000000000;0.00000000000
3378;3360-EAG-17;Molenpolder Tienhoven;3360-DGV-23;0;401468;0;1010;0;401468;401468;;0.00000000000;0.00000000000
3198;2500-EAG-6;Tussenboezem Vinkeveen b;2500-DGV-12;0;527797;0;1007;176434;351363;527797;;0.00000000000;0.00000000000
3189;2120-EAG-1;Vaarten Westeramstel;2120-DGV-4;0;48482;0;1007;15760;32722;48482;;0.00000000000;0.00000000000
3214;2550-EAG-4;;2550-DGV-5;0;134878;0;1007;39945;94933;134878;;0.00000000000;0.00000000000
3207;4000-EAG-3;'s Gravelandse Vaartboezem;4000-DGV-4;0;78037;0;1007;21524;56513;78037;;0.00000000000;0.00000000000
3190;2130-EAG-1;Vaarten Westeramstel;2130-DGV-5;0;40946;0;1007;9950;30996;40946;;0.00000000000;0.00000000000
3199;2501-EAG-1;Ronde Venen;2501-DGV-2;0;84570;0;1007;31816;52754;84570;;0.00000000000;0.00000000000
3204;2600-EAG-1;Vaarten Zevenhoven;2600-DGV-2;0;67745;0;1007;22220;45525;67745;;0.00000000000;0.00000000000
3202;2510-EAG-3;Ronde Venen;2510-DGV-4;0;175707;0;1007;27094;148613;175707;;0.00000000000;0.00000000000
3209;4000-EAG-7;'s Gravelandse Vaartboezem;4000-DGV-16;0;119072;0;1007;28947;90125;119072;;0.00000000000;0.00000000000
3213;2625-EAG-1;;2625-DGV-2;0;183010;0;1007;43046;139964;183010;;0.00000000000;0.00000000000
3194;2400-EAG-4;Ronde Hoep;2400-DGV-8;0;26537;0;1007;10488;16049;26537;;0.00000000000;0.00000000000
3206;4000-EAG-1;'s Gravelandse Vaartboezem;4000-DGV-2;0;80546;0;1007;10950;69596;80546;;0.00000000000;0.00000000000
3200;2501-EAG-2;Ronde Venen;2501-DGV-4;0;88660;0;1007;33903;54757;88660;;0.00000000000;0.00000000000
3208;4000-EAG-4;'s Gravelandse Vaartboezem;4000-DGV-11;0;122125;0;1007;19625;102500;122125;;0.00000000000;0.00000000000
3196;2400-EAG-5;Ronde Hoep;2400-DGV-14;0;2428;0;1007;997;1431;2428;;0.00000000000;0.00000000000
2947;3360-EAG-9;Kleine Maarsseveense Plas;3360-DGV-20;0;4551;0;1001;4551;0;4551;;0.00000000000;0.00000000000
2946;3360-EAG-11;Grote Maarsseveense Plas;3360-DGV-4;0;7807;0;1001;7807;0;7807;;0.00000000000;0.00000000000
2948;6100-EAG-1;Noorder IJ-plas;6100-DGV-2;0;11857;0;1001;11857;0;11857;;0.00000000000;0.00000000000
2949;8070-EAG-1;Sloterplas;8070-DGV-2;0;13343;0;1001;13343;0;13343;;0.00000000000;0.00000000000
2950;6100-EAG-1;Noorder IJ-plas;6100-DGV-3;0;331625;0;1002;0;331625;331625;;0.00000000000;0.00000000000
2951;8070-EAG-1;Sloterplas;8070-DGV-3;0;354739;0;1002;0;354739;354739;;0.00000000000;0.00000000000
2952;2220-EAG-1;Gaasperplas;2220-DGV-4;0;204196;0;1002;0;204196;204196;;0.00000000000;0.00000000000
2953;2250-EAG-1;Ouderkerkerplas;2250-DGV-3;0;275378;0;1002;0;275378;275378;;0.00000000000;0.00000000000
2956;2500-EAG-3;Vinkeveense Plas (EAG 3 - Kleine plas);2500-DGV-4;0;545915;0;1002;0;545915;545915;;0.00000000000;0.00000000000
2958;3310-EAG-2;Waterleidingplas;3310-DGV-3;0;974788;0;1002;0;974788;974788;;0.00000000000;0.00000000000
2960;3360-EAG-9;Kleine Maarsseveense Plas;3360-DGV-21;0;88007;0;1002;0;88007;88007;;0.00000000000;0.00000000000
2961;3200-EAG-1;Spiegelplas;3200-DGV-3;0;745891;0;1002;0;745891;745891;;0.00000000000;0.00000000000
2962;;"Noorder IJ-plas; Zuidplas, buiten AGV-gebied";9999-DGV-1;0;79499;0;1002;0;79499;79499;;0.00000000000;0.00000000000
2959;3360-EAG-11;Grote Maarsseveense Plas;3360-DGV-5;0;197563;0;1002;0;197563;197563;;0.00000000000;0.00000000000
2967;2500-EAG-5;Vinkeveense Plas (EAG 5 - Noordplas);2500-DGV-10;0;494480;0;1005;146858;347622;494480;;0.00000000000;0.00000000000
2968;3230-EAG-2;Wijde Blik;3230-DGV-7;0;120011;0;1005;40830;79181;120011;;0.00000000000;0.00000000000
2969;2220-EAG-1;Gaasperplas;2220-DGV-3;0;11698;0;1005;3470;8228;11698;;0.00000000000;0.00000000000
2970;2220-EAG-4;Gaasperplas;2220-DGV-5;0;48379;0;1005;18971;29408;48379;;0.00000000000;0.00000000000
2971;2110-EAG-1;Vaarten Westeramstel;2110-DGV-1;0;110781;0;1006;51476;59305;110781;;0.00000000000;0.00000000000
2972;2110-EAG-2;Vaarten Westeramstel;2110-DGV-2;0;74640;0;1006;20674;53966;74640;;0.00000000000;0.00000000000
2973;2110-EAG-3;Vaarten Westeramstel;2110-DGV-3;0;230435;0;1006;105068;125367;230435;;0.00000000000;0.00000000000
2974;2110-EAG-4;Vaarten Westeramstel;2110-DGV-4;0;72650;0;1006;21393;51257;72650;;0.00000000000;0.00000000000
2976;2110-EAG-6;Vaarten Westeramstel;2110-DGV-6;0;147515;0;1006;68966;78549;147515;;0.00000000000;0.00000000000
2977;2110-EAG-7;Vaarten Westeramstel;2110-DGV-7;0;21635;0;1006;10111;11524;21635;;0.00000000000;0.00000000000
2978;2120-EAG-2;Vaarten Westeramstel;2120-DGV-2;0;176331;0;1006;79736;96410;176146;;0.00000000000;0.00000000000
2979;2120-EAG-3;Vaarten Westeramstel;2120-DGV-3;0;280333;0;1006;92163;188170;280333;;0.00000000000;0.00000000000
2975;2110-EAG-5;Vaarten Westeramstel;2110-DGV-5;0;231801;0;1006;58778;173023;231801;;0.00000000000;0.00000000000
2981;2130-EAG-2;Vaarten Westeramstel;2130-DGV-2;0;249091;0;1006;87580;161511;249091;;0.00000000000;0.00000000000
2982;2130-EAG-3;Vaarten Westeramstel;2130-DGV-3;0;200881;0;1006;74311;126570;200881;;0.00000000000;0.00000000000
2980;2130-EAG-1;Vaarten Westeramstel;2130-DGV-1;0;280780;0;1006;163498;117282;280780;;0.00000000000;0.00000000000
2983;2130-EAG-4;Vaarten Westeramstel;2130-DGV-4;0;10163;0;1006;5297;4866;10163;;0.00000000000;0.00000000000
3197;2500-EAG-2;Tussenboezem Vinkeveen a;2500-DGV-1;0;587559;0;1007;149319;438240;587559;;0.00000000000;0.00000000000
3210;4250-EAG-2;'s Gravelandse Vaartboezem;4250-DGV-1;0;101452;0;1007;24690;76762;101452;;0.00000000000;0.00000000000
3205;2620-EAG-1;Tussenboezem Vinkeveen b;2620-DGV-1;0;349297;0;1007;112816;236481;349297;;0.00000000000;0.00000000000
3201;2510-EAG-1;Ronde Venen;2510-DGV-2;0;191558;0;1007;51502;140056;191558;;0.00000000000;0.00000000000
3191;2400-EAG-1;Ronde Hoep;2400-DGV-2;0;44912;0;1007;15879;29033;44912;;0.00000000000;0.00000000000
3192;2400-EAG-2;Ronde Hoep;2400-DGV-4;0;53003;0;1007;17248;35755;53003;;0.00000000000;0.00000000000
3212;2140-EAG-4;;2140-DGV-9;0;218813;0;1007;55422;163391;218813;;0.00000000000;0.00000000000
3188;2110-EAG-1;Vaarten Westeramstel;2110-DGV-8;0;15335;0;1007;4826;10509;15335;;0.00000000000;0.00000000000
3203;2540-EAG-1;Groot Mijdrecht;2540-DGV-2;0;230358;0;1007;77227;153131;230358;;0.00000000000;0.00000000000
3195;2400-EAG-6;Ronde Hoep;2400-DGV-11;0;36580;0;1007;17085;19495;36580;;0.00000000000;0.00000000000
3216;2140-EAG-2;;2140-DGV-4;0;31213;0;1007;7767;23446;31213;;0.00000000000;0.00000000000
3211;2140-EAG-6;;2140-DGV-11;0;176597;0;1007;35885;140712;176597;;0.00000000000;0.00000000000
3193;2400-EAG-3;Ronde Hoep;2400-DGV-6;0;23687;0;1007;7760;15927;23687;;0.00000000000;0.00000000000
3219;1000-EAG-4;Amstellandboezem;1000-DGV-4;0;181101;0;1008;14808;166305;181113;;0.00000000000;0.00000000000
3221;2000-EAG-2;Amstellandboezem;2000-DGV-4;0;825100;0;1008;40573;784527;825100;;0.00000000000;0.00000000000
3217;1000-EAG-2;Amstellandboezem;1000-DGV-2;0;254225;0;1008;24113;230309;254422;;0.00000000000;0.00000000000
3222;2000-EAG-3;Amstellandboezem;2000-DGV-5;0;283748;0;1008;26337;257411;283748;;0.00000000000;0.00000000000
3218;1000-EAG-3;Amstellandboezem;1000-DGV-3;0;81524;0;1008;9210;72314;81524;;0.00000000000;0.00000000000
3223;2000-EAG-4;Amstellandboezem;2000-DGV-10;0;492144;0;1008;75416;416728;492144;;0.00000000000;0.00000000000
3224;2000-EAG-5;Amstellandboezem;2000-DGV-11;0;831026;0;1008;74834;756192;831026;;0.00000000000;0.00000000000
3226;4000-EAG-4;'s Gravelandse Vaartboezem;4000-DGV-9;0;79074;0;1008;9312;69762;79074;;0.00000000000;0.00000000000
3229;3230-EAG-6;Kortenhoefse Plas;3230-DGV-17;0;450583;0;1008;30895;419689;450584;;0.00000000000;0.00000000000
3225;2000-EAG-7;Amstellandboezem;2000-DGV-13;0;326098;0;1008;56888;269210;326098;;0.00000000000;0.00000000000
3227;4000-EAG-4;'s Gravelandse Vaartboezem;4000-DGV-8;0;94920;0;1008;6047;88873;94920;;0.00000000000;0.00000000000
3228;4000-EAG-6;'s Gravelandse Vaartboezem;4000-DGV-13;0;393119;0;1008;28255;364864;393119;;0.00000000000;0.00000000000
3233;3100-EAG-2;Naardermeer;3100-DGV-4;0;9807;0;1009;9807;0;9807;;0.00000000000;0.00000000000
3231;2550-EAG-2;Botshol;2550-DGV-3;0;19501;0;1009;19501;0;19501;;0.00000000000;0.00000000000
3239;2500-EAG-1;;2500-DGV-14;0;621677;0;1008;101522;520155;621677;;0.00000000000;0.00000000000
3236;3100-EAG-5;Naardermeer;3100-DGV-13;0;5401;0;1009;5401;0;5401;;0.00000000000;0.00000000000
3230;2550-EAG-1;Botshol;2550-DGV-1;0;38936;0;1009;38936;0;38936;;0.00000000000;0.00000000000
3215;2140-EAG-1;;2140-DGV-2;0;109858;0;1007;22710;87148;109858;;0.00000000000;0.00000000000
3220;2000-EAG-1;Amstellandboezem;2000-DGV-1;0;715983;0;1008;71250;644733;715983;;0.00000000000;0.00000000000
3238;2280-EAG-1;;2280-DGV-1;0;408815;0;1008;119806;289009;408815;;0.00000000000;0.00000000000
3235;3100-EAG-4;Naardermeer;3100-DGV-10;0;4091;0;1009;4091;0;4091;;0.00000000000;0.00000000000
3237;3000-EAG-4;Vechtboezem;3000-DGV-4;0;205276;0;1008;20410;184866;205276;;0.00000000000;0.00000000000
3232;3100-EAG-1;Naardermeer;3100-DGV-1;0;11921;0;1009;11921;0;11921;;0.00000000000;0.00000000000
3234;3100-EAG-3;Naardermeer;3100-DGV-7;0;8069;0;1009;8069;0;8069;;0.00000000000;0.00000000000
2945;3310-EAG-2;Waterleidingplas;3310-DGV-2;0;11075;0;1001;11075;0;11075;;0.00000000000;0.00000000000
2929;3200-EAG-1;Spiegelplas;3200-DGV-2;0;52152;0;1001;52152;0;52152;;0.00000000000;0.00000000000
3842;3230-EAG-2;Wijde Blik;3230-DGV-6;0;36807;0;1001;36812;0;36812;;0.00000000000;0.00000000000
3843;3360-EAG-16;Molenpolder;3360-DGV-11;0;73761;0;1009;73770;0;73770;;0.00000000000;0.00000000000
3841;2500-EAG-5;Vinkeveense Plas (EAG 5 - Noordplas);2500-DGV-9;0;182687;0;1001;182706;0;182706;;0.00000000000;0.00000000000
2897;2250-EAG-1;Ouderkerkerplas;2250-DGV-2;0;15987;0;1001;15987;0;15987;;0.00000000000;0.00000000000
3147;2600-EAG-1;Vaarten Zevenhoven;2600-DGV-1;0;302169;0;1006;181677;120492;302169;;0.00000000000;0.00000000000
2900;2500-EAG-4;Vinkeveense Plas (EAG 4 - Zuidplas);2500-DGV-6;0;70216;0;1001;70216;0;70216;;0.00000000000;0.00000000000
3265;3201-EAG-1;Stichtsch Ankeveensche Plas;3201-DGV-1;0;53668;0;1009;53668;0;53668;;0.00000000000;0.00000000000
2898;2500-EAG-3;Vinkeveense Plas (EAG 3 - Kleine plas);2500-DGV-3;0;31486;0;1001;31486;0;31486;;0.00000000000;0.00000000000
3281;3230-EAG-1;Kortenhoefse Plas;3230-DGV-1;0;33555;0;1009;33555;0;33555;;0.00000000000;0.00000000000
4167;3000-EAG-2;Vechtboezem;3000-DGV-5;0;14810;0;1006;8474;6336;14810;;0.00000000000;0.00000000000
4164;3000-EAG-4;Vechtboezem;3000-DGV-9;0;13131;0;1007;4189;8942;13131;;0.00000000000;0.00000000000
4166;3000-EAG-3;Vechtboezem;3000-DGV-8;0;232012;0;1007;15384;216628;232012;;0.00000000000;0.00000000000
4165;3000-EAG-3;Vechtboezem;3000-DGV-7;0;71309;0;1006;39142;32167;71309;;0.00000000000;0.00000000000
4168;3000-EAG-2;Vechtboezem;3000-DGV-6;0;418736;0;1007;41443;377293;418736;;0.00000000000;0.00000000000
3426;1000-EAG-1;Amstellandboezem;1000-DGV-1;0;1294134;0;1008;154806;1139328;1294134;;0.00000000000;0.00000000000
3427;2000-EAG-6;Amstellandboezem;2000-DGV-12;0;1079190;0;1008;77260;1001930;1079190;;0.00000000000;0.00000000000
3430;2500-EAG-4;Vinkeveense Plas (EAG 4 - Zuidplas);2500-DGV-7;0;2826526;0;1002;0;2826526;2826526;;0.00000000000;0.00000000000
3429;2500-EAG-5;Vinkeveense Plas (EAG 5 - Noordplas);2500-DGV-11;0;3875796;0;1002;0;3875796;3875796;;0.00000000000;0.00000000000
3428;2500-EAG-5;Vinkeveense Plas (EAG 5 - Noordplas);2500-DGV-8;0;1671903;0;1003;0;1671903;1671903;;0.00000000000;0.00000000000
3431;3230-EAG-2;Wijde Blik;3230-DGV-5;0;1606746;0;1003;0;1606746;1606746;;0.00000000000;0.00000000000
3432;3230-EAG-2;Wijde Blik;3230-DGV-8;0;1167340;0;1002;0;1167340;1167340;;0.00000000000;0.00000000000
3433;3000-EAG-3;Vechtboezem;3000-DGV-3;0;1145617;0;1008;72954;1072663;1145617;;0.00000000000;0.00000000000
3434;3000-EAG-2;Vechtboezem;3000-DGV-2;0;1179520;0;1008;47922;1131598;1179520;;0.00000000000;0.00000000000
3435;3200-EAG-1;Spiegelplas;3200-DGV-1;0;1757577;0;1003;0;1757577;1757577;;0.00000000000;0.00000000000
3437;3300-EAG-3;Kievitsbuurt;3300-DGV-11;0;1126739;0;1010;0;1126739;1126739;;0.00000000000;0.00000000000
3436;3300-EAG-5;Stille Plas;3300-DGV-15;0;1818797;0;1010;0;1818797;1818797;;0.00000000000;0.00000000000
3438;3300-EAG-1;Loosdrechtse Plas;3300-DGV-2;0;9686080;0;1010;0;9686080;9686080;;0.00000000000;0.00000000000
3439;3320-EAG-4;Loenderveense Plas;3320-DGV-10;0;2143870;0;1010;0;2143870;2143870;;0.00000000000;0.00000000000
3184;2500-EAG-1;;2500-DGV-13;0;583334;0;1006;207049;376506;583555;;0.00000000000;0.00000000000
2984;2400-EAG-1;Ronde Hoep;2400-DGV-1;0;147576;0;1006;130191;17385;147576;;0.00000000000;0.00000000000
3169;3300-EAG-14;Ster en Zodden;3300-DGV-28;0;23807;0;1006;16633;7174;23807;;0.00000000000;0.00000000000
3140;2400-EAG-5;Ronde Hoep;2400-DGV-9;0;165490;0;1006;73979;91511;165490;;0.00000000000;0.00000000000
3166;3300-EAG-15;Ster en Zodden;3300-DGV-33;0;296202;0;1006;136903;159305;296208;;0.00000000000;0.00000000000
3149;2600-EAG-3;Vaarten Zevenhoven;2600-DGV-4;0;160254;0;1006;71410;88844;160254;;0.00000000000;0.00000000000
3168;3300-EAG-13;Ster en Zodden;3300-DGV-27;0;199808;0;1006;121555;78253;199808;;0.00000000000;0.00000000000
3139;2400-EAG-4;Ronde Hoep;2400-DGV-7;0;107402;0;1006;90236;17166;107402;;0.00000000000;0.00000000000
3181;2140-EAG-2;;2140-DGV-3;0;40468;0;1006;29866;10602;40468;;0.00000000000;0.00000000000
3161;4000-EAG-8;'s Gravelandse Vaartboezem;4000-DGV-17;0;180281;0;1006;62246;118035;180281;;0.00000000000;0.00000000000
3165;3360-EAG-19;Molenpolder Tienhoven;3360-DGV-16;0;13770;0;1006;11058;2712;13770;;0.00000000000;0.00000000000
3176;2505-EAG-1;;2505-DGV-1;0;674502;0;1006;263605;410897;674502;;0.00000000000;0.00000000000
3162;4210-EAG-1;Hollandsch Ankeveensche Plas;4210-DGV-1;0;26708;0;1006;5296;21412;26708;;0.00000000000;0.00000000000
3155;3360-EAG-12;Molenpolder Tienhoven;3360-DGV-6;0;42854;0;1006;20349;22505;42854;;0.00000000000;0.00000000000
3152;2600-EAG-6;Vaarten Zevenhoven;2600-DGV-7;0;35956;0;1006;22894;13062;35956;;0.00000000000;0.00000000000
3164;3302-EAG-1;Molenpolder Tienhoven;3302-DGV-4;0;166690;0;1006;121071;46193;167264;;0.00000000000;0.00000000000
3163;3302-EAG-2;Molenpolder Tienhoven;3302-DGV-7;0;4683;0;1006;3123;1560;4683;;0.00000000000;0.00000000000
3143;2501-EAG-2;Ronde Venen;2501-DGV-3;0;611005;0;1006;310974;300031;611005;;0.00000000000;0.00000000000
3153;2600-EAG-8;Vaarten Zevenhoven;2600-DGV-8;0;220583;0;1006;152124;68459;220583;;0.00000000000;0.00000000000
3171;2630-EAG-3;Westveen;2630-DGV-1;0;148783;0;1006;66255;82528;148783;;0.00000000000;0.00000000000
3172;3100-EAG-9;Naardermeer (EAG 9 - Kwelgebied noord);3100-DGV-16;0;16578;0;1006;9560;7018;16578;;0.00000000000;0.00000000000
3138;2400-EAG-3;Ronde Hoep;2400-DGV-5;0;93808;0;1006;78431;15377;93808;;0.00000000000;0.00000000000
3174;2140-EAG-4;;2140-DGV-8;0;135999;0;1006;62083;73916;135999;;0.00000000000;0.00000000000
3167;3300-EAG-16;Ster en Zodden;3300-DGV-36;0;72865;0;1006;59545;13320;72865;;0.00000000000;0.00000000000
3183;3320-EAG-3;;3320-DGV-11;0;80406;0;1006;47038;33368;80406;;0.00000000000;0.00000000000
3156;4000-EAG-1;'s Gravelandse Vaartboezem;4000-DGV-1;0;47600;0;1006;10358;37242;47600;;0.00000000000;0.00000000000
3185;6540-EAG-1;;6540-DGV-1;0;349315;0;1006;279954;69361;349315;;0.00000000000;0.00000000000
3173;2140-EAG-6;;2140-DGV-10;0;174241;0;1006;85533;88708;174241;;0.00000000000;0.00000000000
3177;2520-EAG-1;;2520-DGV-1;0;348814;0;1006;280778;68036;348814;;0.00000000000;0.00000000000
3158;4000-EAG-4;'s Gravelandse Vaartboezem;4000-DGV-10;0;9088;0;1006;4599;4489;9088;;0.00000000000;0.00000000000
3180;2140-EAG-1;;2140-DGV-1;0;130067;0;1006;68745;61322;130067;;0.00000000000;0.00000000000
3144;2510-EAG-1;Ronde Venen;2510-DGV-1;0;913148;0;1006;495212;417936;913148;;0.00000000000;0.00000000000
3141;2400-EAG-6;Ronde Hoep;2400-DGV-10;0;10222;0;1006;7127;3095;10222;;0.00000000000;0.00000000000
3186;6540-EAG-2;;6540-DGV-2;0;24232;0;1006;21405;2827;24232;;0.00000000000;0.00000000000
3142;2501-EAG-1;Ronde Venen;2501-DGV-1;0;298015;0;1006;157727;140288;298015;;0.00000000000;0.00000000000
3137;2400-EAG-2;Ronde Hoep;2400-DGV-3;0;187407;0;1006;159940;27467;187407;;0.00000000000;0.00000000000
3159;4000-EAG-6;'s Gravelandse Vaartboezem;4000-DGV-14;0;12218;0;1006;9372;2846;12218;;0.00000000000;0.00000000000
3148;2600-EAG-2;Vaarten Zevenhoven;2600-DGV-3;0;34173;0;1006;25451;8722;34173;;0.00000000000;0.00000000000
3182;3360-EAG-18;;3360-DGV-27;0;61665;0;1006;55355;6310;61665;;0.00000000000;0.00000000000
3175;2502-EAG-1;;2502-DGV-1;0;365551;0;1006;154845;210706;365551;;0.00000000000;0.00000000000
3151;2600-EAG-5;Vaarten Zevenhoven;2600-DGV-6;0;64790;0;1006;45517;19273;64790;;0.00000000000;0.00000000000
3157;4000-EAG-2;'s Gravelandse Vaartboezem;4000-DGV-3;0;38931;0;1006;11464;27467;38931;;0.00000000000;0.00000000000
3154;3300-EAG-9;Ster en Zodden;3300-DGV-23;0;117407;0;1006;61972;55435;117407;;0.00000000000;0.00000000000
3179;2530-EAG-1;;2530-DGV-1;0;433936;0;1006;340776;93160;433936;;0.00000000000;0.00000000000
3178;2625-EAG-1;;2625-DGV-1;0;263946;0;1006;150115;113831;263946;;0.00000000000;0.00000000000
3187;6540-EAG-3;;6540-DGV-3;0;78303;0;1006;40899;37404;78303;;0.00000000000;0.00000000000
3170;2120-EAG-1;Vaarten Westeramstel;2120-DGV-5;0;501828;0;1006;372388;129440;501828;;0.00000000000;0.00000000000
3160;4000-EAG-7;'s Gravelandse Vaartboezem;4000-DGV-15;0;9976;0;1006;7806;2170;9976;;0.00000000000;0.00000000000
3150;2600-EAG-4;Vaarten Zevenhoven;2600-DGV-5;0;32305;0;1006;20984;11321;32305;;0.00000000000;0.00000000000
3145;2510-EAG-3;Ronde Venen;2510-DGV-3;0;536412;0;1006;224200;312212;536412;;0.00000000000;0.00000000000
3146;2540-EAG-1;Groot Mijdrecht;2540-DGV-1;0;719219;0;1006;651626;67593;719219;;0.00000000000;0.00000000000
2865;3360-EAG-11;Grote Maarsseveense Plas;3360-DGV-3;0;405977;0;1003;0;405977;405977;;0.00000000000;0.00000000000
2881;2220-EAG-1;Gaasperplas;2220-DGV-2;0;11229;0;1001;11229;0;11229;;0.00000000000;0.00000000000
2824;2000-EAG-4;Abcoudermeer;2000-DGV-16;0;172988;0;1000;2465;170523;172988;;0.00000000000;0.00000000000
2823;2000-EAG-3;De Diemen;2000-DGV-15;0;252610;0;1000;7571;245039;252610;;0.00000000000;0.00000000000
2561;2000-EAG-1;Nieuwe Diep;2000-DGV-14;0;207869;0;1000;3166;204703;207869;;0.00000000000;0.00000000000
2837;6100-EAG-1;Noorder IJ-plas;6100-DGV-1;0;168843;0;1003;0;168843;168843;;0.00000000000;0.00000000000
2838;8070-EAG-1;Sloterplas;8070-DGV-1;0;530955;0;1003;0;530955;530955;;0.00000000000;0.00000000000
2839;2220-EAG-1;Gaasperplas;2220-DGV-1;0;399520;0;1003;0;399520;399520;;0.00000000000;0.00000000000
2860;2500-EAG-4;Vinkeveense Plas (EAG 4 - Zuidplas);2500-DGV-5;0;335506;0;1003;0;335506;335506;;0.00000000000;0.00000000000
2842;2250-EAG-1;Ouderkerkerplas;2250-DGV-1;0;438036;0;1003;0;438036;438036;;0.00000000000;0.00000000000
2861;2500-EAG-3;Vinkeveense Plas (EAG 3 - Kleine plas);2500-DGV-2;0;38822;0;1003;0;38822;38822;;0.00000000000;0.00000000000
2864;3310-EAG-2;Waterleidingplas;3310-DGV-1;0;253638;0;1003;0;253638;253638;;0.00000000000;0.00000000000
2866;3360-EAG-9;Kleine Maarsseveense Plas;3360-DGV-19;0;121379;0;1003;0;121379;121379;;0.00000000000;0.00000000000
